elapsed time (sec),CO2 (ppm)
2,0
4,610
6,608
8,596
10,596
12,596
14,595
16,595
18,594
20,593
22,591
24,590
27,588
29,586
31,584
33,582
35,581
37,580
39,578
41,576
43,576
45,575
47,574
49,570
51,566
53,565
55,563
58,561
60,560
62,558
64,556
66,556
68,553
70,551
72,551
74,551
76,551
78,552
80,552
82,552
85,552
87,552
89,552
91,552
93,551
95,551
97,551
99,551
101,550
103,550
105,550
107,550
109,550
111,550
113,550
116,550
118,549
120,549
122,549
124,549
126,549
128,549
130,549
132,549
134,549
136,549
138,549
141,549
143,549
145,549
147,550
149,550
151,551
153,551
155,551
157,552
159,552
161,552
163,553
165,554
167,555
170,556
172,556
174,556
176,556
178,554
180,555
182,556
184,563
186,578
188,611
190,636
192,650
194,661
197,660
199,660
201,659
203,656
205,651
207,647
209,641
211,638
213,630
215,620
217,613
219,604
221,596
223,591
225,596
228,597
230,595
232,592
234,591
236,589
238,587
240,586
242,582
244,580
246,579
248,578
250,575
252,575
254,574
257,574
259,571
261,572
263,572
265,572
267,573
269,573
271,574
273,574
275,573
277,573
279,572
281,572
283,573
286,574
288,574
290,574
292,574
294,573
296,574
298,573
300,573
302,573
304,572
306,572
308,573
310,573
312,573
314,573
317,573
319,573
321,573
323,573
325,573
327,573
329,573
331,574
333,573
335,573
337,572
339,572
342,572
344,573
346,573
348,573
350,573
352,572
354,572
356,572
358,571
360,571
362,570
364,569
366,569
368,568
370,568
373,568
375,568
377,568
379,568
381,567
383,567
385,567
387,567
389,567
391,567
393,567
395,567
397,567
400,567
402,568
404,569
406,570
408,569
410,569
412,569
414,569
416,570
418,569
420,569
422,569
424,569
426,569
428,569
431,569
433,569
435,569
437,569
439,569
441,569
443,569
445,570
447,571
449,572
451,575
453,577
456,578
458,579
460,580
462,580
464,580
466,580
468,580
470,580
472,580
474,580
476,580
478,580
480,580
482,580
484,580
487,580
489,581
491,582
493,583
495,583
497,583
499,583
501,584
503,584
505,584
507,585
509,585
511,585
514,585
516,585
518,585
520,585
522,585
524,585
526,584
528,585
530,585
532,585
534,585
536,585
538,584
540,584
543,584
545,584
547,584
549,585
551,585
553,585
555,585
557,585
559,585
561,585
563,585
565,585
567,585
569,585
571,585
574,585
576,585
578,585
580,585
582,584
584,584
586,584
588,584
590,584
592,584
594,584
596,584
598,584
601,584
603,584
605,584
607,584
609,584
611,584
613,584
615,584
617,584
619,584
621,584
623,584
625,584
627,584
629,584
632,584
634,584
636,584
638,584
640,584
642,584
644,584
646,584
648,584
650,584
652,584
654,584
656,584
659,584
661,584
663,584
665,584
667,584
669,584
671,584
673,584
675,584
677,584
679,584
681,584
683,583
685,584
687,584
690,584
692,584
694,584
696,584
698,584
700,584
702,584
704,584
706,584
708,584
710,584
712,585
714,585
717,585
719,585
721,585
723,585
725,585
727,585
729,585
731,586
733,586
735,586
737,586
739,586
741,587
743,587
745,587
748,587
750,587
752,587
754,587
756,588
758,588
760,588
762,588
764,588
766,588
768,588
770,588
772,588
775,588
777,588
779,588
781,588
783,588
785,588
787,588
789,588
791,588
793,588
795,588
797,588
799,588
801,588
804,588
806,588
808,589
810,589
812,589
814,589
816,589
818,589
820,589
822,589
824,590
826,590
828,590
830,590
832,590
835,591
837,592
839,593
841,593
843,594
845,594
847,595
849,596
851,597
853,599
855,600
857,602
859,602
862,603
864,603
866,604
868,605
870,604
872,605
874,605
876,606
878,607
880,609
882,609
884,610
886,610
888,611
890,612
893,612
895,614
897,614
899,615
901,617
903,617
905,617
907,619
909,619
911,620
913,620
915,620
918,620
920,620
922,620
924,620
926,620
928,620
930,620
932,621
934,621
936,621
938,621
940,621
942,621
944,621
946,621
949,621
951,621
953,621
955,622
957,622
959,622
961,623
963,623
965,623
967,623
969,624
971,625
974,625
976,625
978,626
980,626
982,625
984,625
986,625
988,626
990,626
992,626
994,627
996,628
998,629
1000,630
1003,631
1005,631
1007,633
1009,634
1011,635
1013,635
1015,637
1017,637
1019,638
1021,639
1023,639
1025,640
1027,640
1029,641
1032,641
1034,643
1036,644
1038,644
1040,644
1042,645
1044,646
1046,647
1048,648
1050,648
1052,648
1054,648
1056,648
1058,648
1061,648
1063,649
1065,650
1067,650
1069,649
1071,649
1073,650
1075,650
1077,650
1079,650
1081,650
1083,651
1085,651
1087,651
1090,652
1092,653
1094,654
1096,654
1098,656
1100,657
1102,658
1104,658
1106,658
1108,659
1110,659
1112,660
1114,660
1117,661
1119,661
1121,661
1123,661
1125,660
1127,660
1129,661
1131,661
1133,661
1135,661
1137,661
1139,662
1141,662
1143,662
1145,662
1148,663
1150,663
1152,663
1154,663
1156,663
1158,664
1160,664
1162,665
1164,665
1166,665
1168,666
1170,666
1172,666
1175,665
1177,665
1179,666
1181,666
1183,667
1185,667
1187,667
1189,667
1191,667
1193,667
1195,667
1197,666
1199,667
1201,667
1204,667
1206,667
1208,667
1210,667
1212,667
1214,667
1216,667
1218,667
1220,667
1222,667
1224,667
1226,667
1228,667
1231,667
1233,668
1235,668
1237,669
1239,669
1241,670
1243,671
1245,671
1247,672
1249,673
1251,673
1253,673
1255,675
1257,676
1260,676
1262,677
1264,677
1266,677
1268,678
1270,678
1272,678
1274,678
1276,678
1278,679
1280,678
1282,678
1284,679
1286,680
1289,680
1291,680
1293,680
1295,679
1297,679
1299,680
1301,681
1303,681
1305,683
1307,683
1309,684
1311,684
1313,685
1315,685
1318,687
1320,687
1322,689
1324,689
1326,689
1328,690
1330,690
1332,691
1334,691
1336,691
1338,691
1340,691
1342,692
1344,692
1347,692
1349,692
1351,693
1353,693
1355,692
1357,692
1359,691
1361,691
1363,692
1365,693
1367,692
1369,693
1371,692
1374,692
1376,692
1378,692
1380,692
1382,693
1384,693
1386,693
1388,694
1390,694
1392,694
1394,694
1396,693
1398,693
1400,693
1402,693
1405,693
1407,693
1409,694
1411,694
1413,694
1415,694
1417,694
1419,694
1421,694
1423,694
1425,694
1427,695
1429,695
1432,695
1434,695
1436,695
1438,695
1440,695
1442,695
1444,695
1446,695
1448,695
1450,695
1452,695
1454,695
1456,695
1458,695
1461,695
1463,695
1465,695
1467,695
1469,695
1471,695
1473,695
1475,696
1477,696
1479,696
1481,696
1483,696
1485,697
1488,697
1490,697
1492,698
1494,699
1496,700
1498,700
1500,701
1502,702
1504,702
1506,702
1508,702
1510,702
1512,703
1514,704
1517,704
1519,704
1521,705
1523,705
1525,705
1527,705
1529,705
1531,705
1533,707
1535,707
1537,708
1539,709
1541,709
1544,709
1546,709
1548,709
1550,710
1552,710
1554,709
1556,710
1558,711
1560,711
1562,712
1564,712
1566,713
1568,713
1570,715
1573,716
1575,716
1577,716
1579,717
1581,718
1583,718
1585,719
1587,719
1589,719
1591,720
1593,720
1595,721
1597,721
1599,722
1602,722
1604,723
1606,724
1608,725
1610,727
1612,727
1614,727
1616,727
1618,727
1620,727
1622,727
1624,727
1626,727
1629,727
1631,727
1633,727
1635,727
1637,727
1639,727
1641,727
1643,727
1645,727
1647,728
1649,728
1651,728
1653,728
1655,728
1657,728
1660,728
1662,728
1664,728
1666,728
1668,728
1670,728
1672,728
1674,728
1676,728
1678,727
1680,727
1682,727
1684,728
1687,727
1689,727
1691,727
1693,726
1695,726
1697,727
1699,727
1701,727
1703,727
1705,727
1707,727
1709,727
1711,728
1713,727
1716,727
1718,727
1720,727
1722,728
1724,728
1726,728
1728,728
1730,728
1732,728
1734,728
1736,728
1738,728
1741,728
1743,728
1745,729
1747,729
1749,729
1751,729
1753,728
1755,728
1757,728
1759,728
1761,728
1763,728
1765,729
1767,729
1769,729
1772,729
1774,730
1776,730
1778,731
1780,731
1782,732
1784,732
1786,733
1788,733
1790,734
1792,734
1794,734
1796,735
1799,735
1801,736
1803,735
1805,736
1807,736
1809,736
1811,736
1813,737
1815,738
1817,738
1819,739
1821,739
1823,739
1825,739
1828,739
1830,739
1832,739
1834,739
1836,740
1838,740
1840,740
1842,740
1844,739
1846,739
1848,739
1850,740
1852,740
1854,740
1856,740
1859,740
1861,741
1863,741
1865,741
1867,741
1869,741
1871,741
1873,741
1875,741
1877,741
1879,741
1881,741
1883,741
1886,741
1888,741
1890,741
1892,741
1894,740
1896,741
1898,740
1900,741
1902,741
1904,741
1906,742
1908,742
1910,743
1912,743
1915,743
1917,743
1919,743
1921,744
1923,744
1925,744
1927,745
1929,747
1931,749
1933,750
1935,750
1937,750
1939,751
1942,751
1944,751
1946,750
1948,750
1950,750
1952,750
1954,750
1956,750
1958,751
1960,751
1962,751
1964,751
1966,751
1968,751
1971,751
1973,752
1975,752
1977,753
1979,754
1981,754
1983,756
1985,755
1987,755
1989,755
1991,755
1993,757
1995,757
1998,758
2000,758
2002,759
2004,760
2006,760
2008,760
2010,760
2012,760
2014,760
2016,760
2018,759
2020,759
2022,759
2024,758
2027,758
2029,759
2031,759
2033,760
2035,759
2037,760
2039,760
2041,760
2043,760
2045,760
2047,760
2049,761
2051,761
2054,761
2056,762
2058,763
2060,763
2062,762
2064,763
2066,763
2068,763
2070,765
2072,765
2074,765
2076,765
2078,766
2081,765
2083,765
2085,765
2087,765
2089,765
2091,766
2093,766
2095,767
2097,767
2099,767
2101,766
2103,766
2105,766
2107,767
2110,767
2112,767
2114,767
2116,768
2118,768
2120,768
2122,768
2124,767
2126,767
2128,767
2130,768
2132,768
2134,768
2137,767
2139,767
2141,767
2143,767
2145,767
2147,767
2149,767
2151,768
2153,769
2155,769
2157,768
2159,769
2161,770
2163,770
2165,769
2168,769
2170,769
2172,770
2174,771
2176,771
2178,772
2180,773
2182,772
2184,773
2186,772
2188,772
2190,772
2192,772
2195,772
2197,772
2199,772
2201,773
2203,773
2205,774
2207,775
2209,776
2211,775
2213,775
2215,775
2217,775
2219,775
2221,775
2224,775
2226,775
2228,775
2230,776
2232,776
2234,776
2236,776
2238,776
2240,776
2242,776
2244,777
2246,777
2248,777
2251,777
2253,777
2255,777
2257,777
2259,777
2261,777
2263,777
2265,777
2267,778
2269,778
2271,777
2273,778
2275,778
2277,779
2280,778
2282,778
2284,778
2286,778
2288,778
2290,778
2292,778
2294,778
2296,778
2298,778
2300,778
2302,778
2304,778
2306,778
2309,778
2311,780
2313,779
2315,779
2317,780
2319,780
2321,780
2323,780
2325,780
2327,780
2329,780
2331,780
2333,780
2336,780
2338,780
2340,780
2342,781
2344,781
2346,781
2348,781
2350,781
2352,781
2354,781
2356,781
2358,781
2360,781
2362,781
2365,781
2367,781
2369,781
2371,782
2373,782
2375,782
2377,782
2379,782
2381,782
2383,782
2385,782
2387,782
2389,783
2392,783
2394,783
2396,783
2398,783
2400,783
2402,783
2404,783
2406,783
2408,783
2410,783
2412,783
2414,783
2416,783
2418,783
2421,783
2423,783
2425,783
2427,783
2429,783
2431,783
2433,783
2435,783
2437,783
2439,783
2441,782
2443,783
2446,783
2448,783
2450,784
2452,784
2454,784
2456,784
2458,784
2460,785
2462,785
2464,785
2466,786
2468,786
2470,786
2472,787
2474,787
2477,788
2479,789
2481,791
2483,792
2485,793
2487,793
2489,793
2491,793
2493,793
2495,794
2497,795
2499,797
2501,797
2504,797
2506,798
2508,798
2510,798
2512,798
2514,798
2516,798
2518,798
2520,798
2522,798
2524,798
2526,798
2528,798
2530,798
2533,798
2535,798
2537,798
2539,798
2541,798
2543,798
2545,799
2547,799
2549,799
2551,799
2553,799
2555,799
2557,799
2559,799
2562,799
2564,799
2566,799
2568,799
2570,799
2572,799
2574,799
2576,799
2578,799
2580,799
2582,799
2584,799
2586,800
2588,800
2591,800
2593,800
2595,800
2597,801
2599,801
2601,802
2603,802
2605,802
2607,803
2609,803
2611,804
2613,806
2615,807
2617,808
2620,808
2622,809
2624,809
2626,809
2628,810
2630,810
2632,811
2634,811
2636,811
2638,811
2640,811
2642,811
2645,811
2647,811
2649,810
2651,811
2653,811
2655,812
2657,812
2659,813
2661,814
2663,815
2665,816
2667,817
2669,819
2671,819
2673,819
2676,819
2678,820
2680,820
2682,822
2684,822
2686,822
2688,822
2690,822
2692,823
2694,823
2696,823
2698,824
2701,825
2703,825
2705,825
2707,825
2709,825
2711,825
2713,825
2715,824
2717,824
2719,825
2721,825
2723,825
2725,826
2727,827
2730,827
2732,828
2734,829
2736,829
2738,830
2740,830
2742,830
2744,831
2746,831
2748,831
2750,832
2752,832
2754,832
2757,832
2759,832
2761,832
2763,832
2765,832
2767,832
2769,832
2771,833
2773,833
2775,833
2777,833
2779,833
2781,833
2783,834
2785,834
2788,834
2790,834
2792,834
2794,835
2796,835
2798,835
2800,835
2802,835
2804,835
2806,835
2808,836
2810,836
2812,836
2814,836
2817,836
2819,837
2821,837
2823,837
2825,838
2827,839
2829,839
2831,839
2833,840
2835,840
2837,840
2839,840
2841,840
2844,840
2846,840
2848,839
2850,839
2852,839
2854,839
2856,839
2858,839
2860,839
2862,839
2864,839
2866,839
2868,840
2870,840
2873,840
2875,841
2877,841
2879,841
2881,841
2883,840
2885,840
2887,840
2889,840
2891,841
2893,841
2895,842
2897,842
2900,842
2902,842
2904,841
2906,841
2908,841
2910,841
2912,842
2914,841
2916,841
2918,841
2920,841
2922,840
2924,839
2926,839
2928,839
2931,840
2933,840
2935,839
2937,839
2939,838
2941,838
2943,838
2945,838
2947,837
2949,837
2951,837
2954,838
2956,838
2958,838
2960,837
2962,838
2964,838
2966,838
2968,838
2970,838
2972,838
2974,839
2976,839
2978,838
2980,838
2982,838
2985,838
2987,838
2989,838
2991,838
2993,838
2995,838
2997,838
2999,839
3001,839
3003,839
3005,839
3007,839
3009,838
3012,838
3014,839
3016,840
3018,842
3020,842
3022,843
3024,844
3026,844
3028,845
3030,844
3032,845
3034,845
3036,846
3038,846
3041,846
3043,848
3045,847
3047,848
3049,847
3051,847
3053,847
3055,847
3057,847
3059,847
3061,847
3063,846
3065,846
3067,845
3069,845
3072,845
3074,844
3076,845
3078,845
3080,845
3082,845
3084,844
3086,845
3088,845
3090,845
3092,845
3094,845
3096,844
3099,845
3101,846
3103,846
3105,846
3107,846
3109,846
3111,846
3113,846
3115,846
3117,847
3119,847
3121,847
3123,847
3125,847
3128,847
3130,847
3132,847
3134,847
3136,847
3138,849
3140,849
3142,850
3144,850
3146,851
3148,851
3150,852
3153,852
3155,853
3157,853
3159,853
3161,854
3163,854
3165,854
3167,854
3169,854
3171,854
3173,854
3175,853
3177,853
3179,853
3181,853
3184,852
3186,852
3188,852
3190,853
3192,854
3194,855
3196,855
3198,856
3200,857
3202,858
3204,858
3206,858
3209,858
3211,858
3213,859
3215,859
3217,859
3219,858
3221,858
3223,859
3225,859
3227,859
3229,860
3231,859
3233,859
3235,859
3238,860
3240,860
3242,861
3244,862
3246,864
3248,866
3250,868
3252,869
3254,870
3256,871
3258,871
3260,872
3262,871
3265,872
3267,872
3269,872
3271,872
3273,871
3275,871
3277,871
3279,871
3281,871
3283,871
3285,871
3287,871
3289,871
3291,870
3293,870
3296,870
3298,870
3300,869
3302,869
3304,869
3306,869
3308,869
3310,869
3312,869
3314,869
3316,868
3318,868
3320,868
3322,868
3325,867
3327,867
3329,867
3331,867
3333,867
3335,867
3337,867
3339,866
3341,866
3343,867
3345,866
3347,866
3350,866
3352,866
3354,866
3356,866
3358,866
3360,866
3362,866
3364,866
3366,866
3368,866
3370,866
3372,866
3374,866
3376,866
3378,866
3381,866
3383,866
3385,866
3387,866
3389,865
3391,865
3393,865
3395,865
3397,865
3399,865
3401,865
3403,865
3406,866
3408,866
3410,866
3412,866
3414,866
3416,866
3418,866
3420,866
3422,866
3424,865
3426,865
3428,865
3430,865
3432,865
3435,865
3437,864
3439,864
3441,865
3443,866
3445,865
3447,866
3449,866
3451,866
3453,866
3455,865
3457,865
3459,865
3462,865
3464,865
3466,865
3468,865
3470,865
3472,865
3474,865
3476,865
3478,865
3480,865
3482,865
3484,866
3486,866
3488,866
3490,867
3493,867
3495,868
3497,868
3499,867
3501,868
3503,868
3505,868
3507,868
3509,868
3511,868
3513,868
3515,868
3518,868
3520,868
3522,868
3524,868
3526,868
3528,868
3530,868
3532,869
3534,869
3536,869
3538,869
3540,869
3542,869
3544,869
3547,870
3549,870
3551,871
3553,871
3555,872
3557,872
3559,872
3561,872
3563,872
3565,872
3567,873
3569,873
3571,873
3573,873
3576,873
3578,873
3580,873
3582,872
3584,872
3586,873
3588,873
3590,874
3592,874
3594,874
3596,873
3598,873
3600,872
3603,872
3605,873
3607,873
3609,873
3611,873
3613,875
3615,874
3617,874
3619,874
3621,873
3623,874
3625,874
3627,874
3629,874
3632,874
3634,873
3636,873
3638,873
3640,873
3642,873
3644,872
3646,872
3648,872
3650,872
3652,872
3654,872
3656,872
3659,872
3661,873
3663,872
3665,872
3667,872
3669,872
3671,872
3673,872
3675,873
3677,873
3679,873
3681,874
3683,874
3685,875
3687,876
3690,876
3692,876
3694,876
3696,876
3698,876
3700,876
3702,876
3704,877
3706,877
3708,878
3710,878
3712,878
3714,878
3717,878
3719,879
3721,878
3723,879
3725,880
3727,880
3729,880
3731,880
3733,880
3735,880
3737,881
3739,881
3741,881
3743,881
3746,881
3748,881
3750,881
3752,882
3754,883
3756,882
3758,882
3760,882
3762,882
3764,883
3766,883
3768,884
3770,883
3773,883
3775,883
3777,882
3779,882
3781,881
3783,881
3785,882
3787,881
3789,881
3791,881
3793,881
3795,881
3797,882
3800,882
3802,882
3804,882
3806,881
3808,880
3810,880
3812,880
3814,879
3816,879
3818,877
3820,877
3822,877
3824,877
3826,877
3829,876
3831,876
3833,875
3835,875
3837,874
3839,873
3841,873
3843,873
3845,873
3847,873
3849,873
3851,874
3853,873
3856,873
3858,873
3860,873
3862,873
3864,873
3866,873
3868,874
3870,874
3872,874
3874,874
3876,874
3878,873
3880,873
3882,873
3884,873
3887,873
3889,873
3891,873
3893,874
3895,874
3897,874
3899,874
3901,874
3903,874
3905,874
3907,874
3909,875
3912,875
3914,875
3916,875
3918,875
3920,876
3922,876
3924,876
3926,876
3928,876
3930,877
3932,877
3934,878
3936,878
3938,878
3940,878
3943,878
3945,878
3947,878
3949,879
3951,879
3953,879
3955,879
3957,878
3959,878
3961,878
3963,878
3965,878
3968,879
3970,879
3972,880
3974,880
3976,879
3978,879
3980,879
3982,880
3984,881
3986,881
3988,881
3990,881
3992,881
3994,881
3997,880
3999,880
4001,880
4003,879
4005,879
4007,878
4009,878
4011,878
4013,878
4015,878
4017,877
4019,877
4021,876
4023,876
4026,877
4028,877
4030,877
4032,878
4034,878
4036,880
4038,879
4040,880
4042,880
4044,881
4046,880
4048,881
4050,881
4052,881
4055,881
4057,881
4059,881
4061,881
4063,881
4065,881
4067,882
4069,882
4071,882
4073,882
4075,882
4077,882
4079,882
4081,883
4084,883
4086,883
4088,883
4090,883
4092,883
4094,883
4096,883
4098,883
4100,883
4102,883
4104,883
4106,883
4108,883
4111,883
4113,883
4115,883
4117,883
4119,883
4121,883
4123,883
4125,883
4127,883
4129,883
4131,883
4133,883
4135,883
4137,883
4140,883
4142,883
4144,883
4146,883
4148,883
4150,883
4152,883
4154,883
4156,883
4158,883
4160,882
4162,882
4165,882
4167,882
4169,882
4171,882
4173,882
4175,882
4177,882
4179,882
4181,881
4183,881
4185,881
4187,881
4189,881
4191,881
4193,881
4196,881
4198,881
4200,881
4202,881
4204,881
4206,881
4208,881
4210,882
4212,882
4214,882
4216,882
4218,882
4221,882
4223,882
4225,882
4227,882
4229,882
4231,882
4233,882
4235,882
4237,882
4239,882
4241,883
4243,883
4245,883
4247,883
4249,884
4252,885
4254,885
4256,886
4258,886
4260,886
4262,886
4264,886
4266,886
4268,886
4270,886
4272,887
4274,887
4276,887
4278,888
4281,888
4283,890
4285,891
4287,891
4289,891
4291,891
4293,891
4295,891
4297,891
4299,891
4301,891
4303,891
4305,891
4308,891
4310,891
4312,892
4314,892
4316,892
4318,892
4320,891
4322,891
4324,892
4326,892
4328,892
4330,893
4332,893
4334,893
4337,893
4339,891
4341,891
4343,892
4345,892
4347,891
4349,890
4351,889
4353,889
4355,889
4357,888
4359,888
4361,888
4364,888
4366,888
4368,888
4370,888
4372,889
4374,889
4376,888
4378,888
4380,888
4382,889
4384,889
4386,889
4388,888
4390,888
4392,888
4395,888
4397,888
4399,888
4401,889
4403,889
4405,889
4407,889
4409,891
4411,890
4413,889
4415,890
4417,890
4420,891
4422,891
4424,892
4426,892
4428,892
4430,892
4432,893
4434,893
4436,893
4438,893
4440,893
4442,894
4444,894
4446,894
4448,894
4451,895
4453,895
4455,896
4457,897
4459,899
4461,900
4463,900
4465,900
4467,900
4469,900
4471,900
4473,900
4476,900
4478,900
4480,900
4482,900
4484,900
4486,900
4488,900
4490,899
4492,899
4494,899
4496,899
4498,899
4500,899
4502,899
4505,899
4507,899
4509,899
4511,899
4513,898
4515,898
4517,898
4519,898
4521,898
4523,898
4525,898
4527,898
4529,898
4531,898
4534,898
4536,898
4538,899
4540,899
4542,899
4544,899
4546,899
4548,899
4550,899
4552,899
4554,899
4556,899
4558,899
4561,899
4563,899
4565,899
4567,899
4569,899
4571,899
4573,899
4575,899
4577,900
4579,900
4581,900
4583,899
4585,899
4587,899
4590,899
4592,899
4594,899
4596,899
4598,899
4600,899
4602,899
4604,899
4606,899
4608,899
4610,899
4612,899
4615,899
4617,900
4619,900
4621,900
4623,900
4625,900
4627,900
4629,900
4631,900
4633,900
4635,899
4637,899
4639,899
4641,900
4643,899
4646,901
4648,901
4650,901
4652,902
4654,902
4656,903
4658,903
4660,904
4662,904
4664,904
4666,904
4668,904
4671,905
4673,905
4675,905
4677,905
4679,905
4681,906
4683,906
4685,906
4687,906
4689,907
4691,907
4693,907
4695,907
4697,905
4700,906
4702,906
4704,905
4706,904
4708,903
4710,901
4712,897
4714,893
4716,894
4718,889
4720,878
4722,808
4724,634
4727,644
4729,645
4731,644
4733,637
4735,632
4737,520
4739,525
4741,534
4743,532
4745,543
4747,549
4749,542
4751,547
4753,543
4755,547
4758,549
4760,548
4762,548
4764,545
4766,543
4768,543
4770,541
4772,540
4774,536
4776,536
4778,534
4780,533
4782,518
4785,510
4787,425
4789,430
4791,441
4793,452
4795,462
4797,468
4799,476
4801,477
4803,479
4805,489
4807,481
4809,486
4811,484
4814,484
4816,478
4818,449
4820,513
4822,512
4824,506
4826,503
4828,501
4830,503
4832,502
4834,499
4836,497
4838,497
4840,501
4842,496
4845,490
4847,494
4849,486
4851,489
4853,484
4855,484
4857,485
4859,466
4861,473
4863,475
4865,485
4867,485
4870,485
4872,489
4874,491
4876,490
4878,485
4880,480
4882,484
4884,486
4886,489
4888,486
4890,486
4892,487
4894,489
4896,491
4899,492
4901,494
4903,492
4905,495
4907,493
4909,494
4911,494
4913,494
4915,495
4917,494
4919,494
4921,494
4923,495
4926,495
4928,493
4930,490
4932,490
4934,491
4936,491
4938,491
4940,488
4942,487
4944,488
4946,487
4948,488
4950,490
4952,489
4954,491
4957,491
4959,489
4961,489
4963,489
4965,490
4967,488
4969,488
4971,487
4973,488
4975,488
4977,488
4979,488
4981,489
4984,489
4986,489
4988,489
4990,489
4992,489
4994,489
4996,489
4998,489
5000,489
5002,488
5004,489
5006,489
5008,490
5010,490
5013,490
5015,490
5017,490
5019,490
5021,490
5023,490
5025,491
5027,492
5029,492
5031,491
5033,491
5035,491
5038,491
5040,489
5042,486
5044,487
5046,487
5048,487
5050,487
5052,487
5054,486
5056,486
5058,484
5060,483
5062,484
5064,484
5066,485
5069,484
5071,483
5073,483
5075,467
5077,469
5079,471
5081,477
5083,478
5085,477
5087,477
5089,478
5091,472
5093,475
5095,475
5098,476
5100,476
5102,476
5104,477
5106,476
5108,477
5110,477
5112,474
5114,473
5116,471
5118,472
5120,472
5123,474
5125,474
5127,467
5129,469
5131,467
5133,467
5135,467
5137,469
5139,470
5141,468
5143,465
5145,468
5147,468
5149,469
5151,471
5154,471
5156,471
5158,472
5160,473
5162,474
5164,476
5166,478
5168,475
5170,473
5172,474
5174,476
5176,476
5179,476
5181,476
5183,474
5185,475
5187,476
5189,476
5191,478
5193,479
5195,481
5197,480
5199,480
5201,479
5203,481
5205,480
5208,480
5210,481
5212,482
5214,482
5216,482
5218,483
5220,483
5222,484
5224,485
5226,484
5228,485
5230,484
5232,484
5235,486
5237,486
5239,486
5241,489
5243,490
5245,491
5247,491
5249,493
5251,494
5253,496
5255,497
5257,498
5259,499
5261,499
5263,500
5266,500
5268,500
5270,500
5272,499
5274,500
5276,500
5278,500
5280,499
5282,498
5284,498
5286,496
5288,496
5291,496
5293,495
5295,495
5297,495
5299,495
5301,495
5303,495
5305,495
5307,495
5309,494
5311,494
5313,494
5315,493
5317,493
5319,493
5322,494
5324,493
5326,493
5328,491
5330,489
5332,486
5334,485
5336,485
5338,486
5340,488
5342,490
5344,489
5347,490
5349,488
5351,488
5353,488
5355,489
5357,489
5359,489
5361,490
5363,492
5365,492
5367,492
5369,493
5371,493
5373,492
5376,492
5378,494
5380,496
5382,493
5384,494
5386,496
5388,498
5390,500
5392,506
5394,508
5396,513
5398,515
5400,519
5402,522
5404,522
5407,524
5409,523
5411,522
5413,522
5415,523
5417,524
5419,524
5421,524
5423,522
5425,514
5427,490
5429,526
5431,525
5434,514
5436,498
5438,497
5440,499
5442,503
5444,503
5446,500
5448,495
5450,494
5452,497
5454,496
5456,491
5458,487
5460,481
5463,470
5465,460
5467,465
5469,465
5471,469
5473,471
5475,475
5477,480
5479,484
5481,485
5483,486
5486,488
5488,490
5490,491
5492,486
5494,486
5496,486
5498,488
5500,487
5502,486
5504,487
5506,487
5508,487
5510,482
5512,481
5514,482
5517,470
5519,488
5521,488
5523,493
5525,494
5527,489
5529,493
5531,497
5533,488
5535,484
5537,479
5539,479
5542,484
5544,486
5546,484
5548,483
5550,487
5552,488
5554,490
5556,494
5558,495
5560,498
5562,503
5564,508
5566,510
5568,516
5570,516
5573,515
5575,515
5577,517
5579,523
5581,525
5583,531
5585,529
5587,533
5589,537
5591,538
5593,541
5595,541
5597,538
5600,537
5602,537
5604,530
5606,493
5608,499
5610,499
5612,500
5614,499
5616,496
5618,495
5620,492
5622,493
5624,494
5626,492
5629,492
5631,489
5633,487
5635,488
5637,489
5639,489
5641,487
5643,485
5645,483
5647,484
5649,484
5651,484
5653,483
5655,483
5658,483
5660,480
5662,482
5664,484
5666,485
5668,482
5670,482
5672,481
5674,477
5676,477
5678,454
5680,459
5682,459
5685,462
5687,463
5689,460
5691,462
5693,439
5695,501
5697,499
5699,503
5701,500
5703,489
5705,484
5707,475
5709,424
5711,447
5714,474
5716,487
5718,465
5720,354
5722,399
5724,414
5726,438
5728,445
5730,464
5732,468
5734,466
5736,464
5739,470
5741,468
5743,476
5745,463
5747,470
5749,474
5751,471
5753,471
5755,473
5757,472
5759,472
5761,472
5763,472
5765,471
5767,470
5770,461
5772,464
5774,464
5776,464
5778,466
5780,466
5782,466
5784,466
5786,466
5788,466
5790,468
5792,468
5795,468
5797,467
5799,467
5801,469
5803,455
5805,473
5807,481
5809,392
5811,416
5813,445
5815,414
5817,418
5819,443
5821,479
5824,467
5826,478
5828,448
5830,459
5832,492
5834,482
5836,446
5838,454
5840,484
5842,471
5844,474
5846,482
5848,424
5850,451
5853,480
5855,492
5857,490
5859,480
5861,473
5863,480
5865,485
5867,486
5869,482
5871,481
5873,476
5875,478
5877,479
5880,478
5882,470
5884,422
5886,451
5888,470
5890,493
5892,513
5894,530
5896,534
5898,527
5900,517
5902,502
5904,487
5906,479
5909,483
5911,472
5913,468
5915,470
5917,476
5919,477
5921,478
5923,478
5925,476
5927,476
5929,473
5931,472
5933,468
5936,473
5938,473
5940,472
5942,471
5944,471
5946,472
5948,471
5950,472
5952,471
5954,471
5956,471
5958,471
5960,470
5962,470
5965,468
5967,468
5969,469
5971,469
5973,469
5975,470
5977,469
5979,469
5981,469
5983,469
5985,469
5987,469
5990,469
5992,468
5994,463
5996,464
5998,465
6000,465
6002,465
6004,465
6006,465
6008,465
6010,465
6012,465
6014,465
6016,465
6018,465
6021,465
6023,465
6025,465
6027,466
6029,466
6031,466
6033,466
6035,466
6037,465
6039,465
6041,465
6043,466
6046,466
6048,466
6050,466
6052,467
6054,467
6056,468
6058,468
6060,468
6062,467
6064,467
6066,468
6068,468
6070,467
6072,467
6074,468
6077,468
6079,470
6081,470
6083,471
6085,470
6087,470
6089,470
6091,470
6093,470
6095,470
6097,470
6099,471
6101,472
6103,473
6106,474
6108,475
6110,475
6112,471
6114,472
6116,470
6118,471
6120,470
6122,469
6124,469
6126,470
6128,470
6131,470
6133,471
6135,465
6137,465
6139,465
6141,465
6143,466
6145,467
6147,467
6149,468
6151,468
6153,468
6155,468
6157,468
6159,469
6162,469
6164,469
6166,470
6168,470
6170,470
6172,471
6174,472
6176,473
6178,474
6180,475
6182,475
6184,475
6187,476
6189,476
6191,475
6193,475
6195,475
6197,475
6199,475
6201,475
6203,475
6205,475
6207,475
6209,475
6211,475
6213,475
6216,475
6218,475
6220,475
6222,475
6224,475
6226,474
6228,474
6230,475
6232,474
6235,474
6237,473
6239,474
6241,474
6243,474
6245,474
6247,474
6249,475
6252,475
6254,475
6256,476
6258,476
6260,477
6262,477
6264,477
6266,475
6268,475
6270,476
6272,477
6274,476
6277,476
6279,476
6281,475
6283,475
6285,475
6287,474
6289,473
6291,474
6293,474
6295,474
6297,474
6299,475
6301,474
6303,474
6305,474
6308,474
6310,475
6312,475
6314,475
6316,475
6318,475
6320,475
6322,476
6324,474
6326,475
6328,476
6330,475
6332,473
6334,474
6337,474
6339,474
6341,475
6343,475
6345,475
6347,474
6349,473
6351,474
6353,474
6355,474
6357,474
6359,475
6362,476
6364,477
6366,477
6368,477
6370,477
6372,490
6374,488
6376,489
6378,487
6380,487
6382,487
6384,486
6386,486
6388,485
6391,485
6393,484
6395,483
6397,482
6399,483
6401,482
6403,482
6405,481
6407,480
6409,480
6411,480
6413,480
6415,480
6418,480
6420,481
6422,482
6424,482
6426,482
6428,482
6430,481